companyId,skillsetCategory,skillsetName,skillsetDescription
6792df37ae32f695bcd13420,Citrix VDI,Installation and Configuration,Citrix Knowledge
6792df37ae32f695bcd13420,Citrix VDI,Managing Machine Catalogs and Delivery Groups,Citrix Knowledge
6792df37ae32f695bcd13420,Citrix VDI,Application Publishing,Citrix Knowledge
6792df37ae32f695bcd13420,Citrix VDI,Profile Management,Citrix Knowledge
6792df37ae32f695bcd13420,Citrix VDI,StoreFront Configuration,Citrix Knowledge
6792df37ae32f695bcd13420,Citrix VDI,Citrix Policies,Citrix Knowledge
6792df37ae32f695bcd13420,Citrix VDI,Monitoring and Troubleshooting,Citrix Knowledge
6792df37ae32f695bcd13420,Citrix VDI,Citrix Director,Citrix Knowledge
6792df37ae32f695bcd13420,Citrix VDI,Citrix Studio,Citrix Knowledge
6792df37ae32f695bcd13420,Citrix VDI,Load Balancing,Citrix Knowledge
6792df37ae32f695bcd13420,Citrix Cloud,Cloud Connectors Installation,Citrix Knowledge
6792df37ae32f695bcd13420,Citrix Cloud,Workspace Configuration,Citrix Knowledge
6792df37ae32f695bcd13420,Citrix Cloud,Resource Locations,Citrix Knowledge
6792df37ae32f695bcd13420,Citrix Cloud,Subscription Management,Citrix Knowledge
6792df37ae32f695bcd13420,Citrix Cloud,Identity and Access Management,Citrix Knowledge
6792df37ae32f695bcd13420,Citrix Cloud,Monitoring and Analytics,Citrix Knowledge
6792df37ae32f695bcd13420,Citrix Cloud,Service Health and Performance,Citrix Knowledge
6792df37ae32f695bcd13420,Citrix Cloud,Disaster Recovery,Citrix Knowledge
6792df37ae32f695bcd13420,Citrix Cloud,Integration with On-Premises,Citrix Knowledge
6792df37ae32f695bcd13420,Citrix Cloud,Security Management,Citrix Knowledge
6792df37ae32f695bcd13420,NetScaler,Load Balancing Configuration,Netscaler knowledge
6792df37ae32f695bcd13420,NetScaler,SSL Offloading,Netscaler knowledge
6792df37ae32f695bcd13420,NetScaler,Content Switching,Netscaler knowledge
6792df37ae32f695bcd13420,NetScaler,Global Server Load Balancing (GSLB),Netscaler knowledge
6792df37ae32f695bcd13420,NetScaler,Application Firewall Configuration,Netscaler knowledge
6792df37ae32f695bcd13420,NetScaler,NetScaler Gateway Setup,Netscaler knowledge
6792df37ae32f695bcd13420,NetScaler,High Availability,Netscaler knowledge
6792df37ae32f695bcd13420,NetScaler,Networking and TCP Optimization,Netscaler knowledge
6792df37ae32f695bcd13420,NetScaler,Monitoring and Logging,Netscaler knowledge
6792df37ae32f695bcd13420,NetScaler,"Authentication, Authorization, and Auditing (AAA)",Netscaler knowledge
6792df37ae32f695bcd13420,Windows Server,Installation and Configuration,Windows Server Knowledge
6792df37ae32f695bcd13420,Windows Server,Active Directory Management,Windows Server Knowledge
6792df37ae32f695bcd13420,Windows Server,Group Policy Management,Windows Server Knowledge
6792df37ae32f695bcd13420,Windows Server,DNS and DHCP Configuration,Windows Server Knowledge
6792df37ae32f695bcd13420,Windows Server,File and Storage Services,Windows Server Knowledge
6792df37ae32f695bcd13420,Windows Server,Windows Server Update Services (WSUS),Windows Server Knowledge
6792df37ae32f695bcd13420,Windows Server,Performance Monitoring and Tuning,Windows Server Knowledge
6792df37ae32f695bcd13420,Windows Server,Backup and Restore,Windows Server Knowledge
6792df37ae32f695bcd13420,Windows Server,Remote Desktop Services (RDS),Windows Server Knowledge
6792df37ae32f695bcd13420,Windows Server,PowerShell Scripting,Windows Server Knowledge
6792df37ae32f695bcd13420,AWS,EC2 Management,AWS Knowledge
6792df37ae32f695bcd13420,AWS,S3 Storage Solutions,AWS Knowledge
6792df37ae32f695bcd13420,AWS,VPC Configuration,AWS Knowledge
6792df37ae32f695bcd13420,AWS,IAM Policies and Roles,AWS Knowledge
6792df37ae32f695bcd13420,AWS,RDS Management,AWS Knowledge
6792df37ae32f695bcd13420,AWS,Lambda Functions,AWS Knowledge
6792df37ae32f695bcd13420,AWS,CloudFormation Templates,AWS Knowledge
6792df37ae32f695bcd13420,AWS,Route 53 DNS Management,AWS Knowledge
6792df37ae32f695bcd13420,AWS,CloudWatch Monitoring,AWS Knowledge
6792df37ae32f695bcd13420,AWS,Security Groups and Network ACLs,AWS Knowledge
6792df37ae32f695bcd13420,MS Azure,Azure Virtual Machines,Ms Azure Knowledge
6792df37ae32f695bcd13420,MS Azure,Azure Storage Solutions,Ms Azure Knowledge
6792df37ae32f695bcd13420,MS Azure,Azure Virtual Network (VNet) Configuration,Ms Azure Knowledge
6792df37ae32f695bcd13420,MS Azure,Azure Active Directory (AD),Ms Azure Knowledge
6792df37ae32f695bcd13420,MS Azure,Azure SQL Database Management,Ms Azure Knowledge
6792df37ae32f695bcd13420,MS Azure,Azure Functions,Ms Azure Knowledge
6792df37ae32f695bcd13420,MS Azure,Azure Resource Manager (ARM) Templates,Ms Azure Knowledge
6792df37ae32f695bcd13420,MS Azure,Azure DNS Management,Ms Azure Knowledge
6792df37ae32f695bcd13420,MS Azure,Azure Monitor and Alerts,Ms Azure Knowledge
6792df37ae32f695bcd13420,MS Azure,Azure Security Center,Ms Azure Knowledge
6792df37ae32f695bcd13420,NetScaler Advanced,Advanced Load Balancing Techniques with Content Switching Policies,NetScaler Advanced Knowledge
6792df37ae32f695bcd13420,NetScaler Advanced,"SSL Offloading, Certificate Management, and TLS 1.3 Configuration",NetScaler Advanced Knowledge
6792df37ae32f695bcd13420,NetScaler Advanced,Advanced Content Switching with Regex and Expressions,NetScaler Advanced Knowledge
6792df37ae32f695bcd13420,NetScaler Advanced,Global Server Load Balancing (GSLB) with Site Persistence,NetScaler Advanced Knowledge
6792df37ae32f695bcd13420,NetScaler Advanced,In-depth Troubleshooting using Command-Line Interface (CLI) and NITRO API,NetScaler Advanced Knowledge
6792df37ae32f695bcd13420,NetScaler Advanced,Advanced Application Firewall Configuration with Custom Rules,NetScaler Advanced Knowledge
6792df37ae32f695bcd13420,NetScaler Advanced,Optimizing Traffic Management with Rate Limiting and QoS Policies,NetScaler Advanced Knowledge
6792df37ae32f695bcd13420,NetScaler Advanced,Integrating Authentication and Authorization with SAML and OAuth,NetScaler Advanced Knowledge
6792df37ae32f695bcd13420,NetScaler Advanced,Advanced Secure Web Gateway Configuration with URL Filtering,NetScaler Advanced Knowledge
6792df37ae32f695bcd13420,NetScaler Advanced,Configuring and Managing NetScaler MAS (Management and Analytics System) for Large Scale Deployments,NetScaler Advanced Knowledge
6792df37ae32f695bcd13420,Communication Skills,Verbal Communication,Communication Skills
6792df37ae32f695bcd13420,Communication Skills,Nonverbal Communication,Communication Skills
6792df37ae32f695bcd13420,Communication Skills,Listening Skills,Communication Skills
6792df37ae32f695bcd13420,Communication Skills,Public Speaking,Communication Skills
6792df37ae32f695bcd13420,Communication Skills,Written Communication,Communication Skills
6792df37ae32f695bcd13420,Communication Skills,Emotional Intelligence,Communication Skills
6792df37ae32f695bcd13420,Communication Skills,Presentation Skills,Communication Skills
6792df37ae32f695bcd13420,Communication Skills,Persuasion and Influence,Communication Skills
6792df37ae32f695bcd13420,Communication Skills,Conflict Resolution,Communication Skills
6792df37ae32f695bcd13420,English,Basic Understanding,English Level
6792df37ae32f695bcd13420,English,Conversational Fluency,English Level
6792df37ae32f695bcd13420,English,Professional Proficiency,English Level
6792df37ae32f695bcd13420,English,Advanced Vocabulary,English Level
6792df37ae32f695bcd13420,English,Grammar Accuracy,English Level
6792df37ae32f695bcd13420,English,Pronunciation Clarity,English Level
6792df37ae32f695bcd13420,English,Reading Comprehension,English Level
6792df37ae32f695bcd13420,English,Writing Skills,English Level
6792df37ae32f695bcd13420,English,Listening Comprehension,English Level
6792df37ae32f695bcd13420,English,Public Speaking Proficiency,English Level
6792df37ae32f695bcd13420,Problem Solving Skills,Analytical Thinking,Problem Solving Skills
6792df37ae32f695bcd13420,Problem Solving Skills,Creative Problem Solving,Problem Solving Skills
6792df37ae32f695bcd13420,Problem Solving Skills,Decision Making,Problem Solving Skills
6792df37ae32f695bcd13420,Problem Solving Skills,Strategic Thinking,Problem Solving Skills
6792df37ae32f695bcd13420,Problem Solving Skills,Root Cause Analysis,Problem Solving Skills
6792df37ae32f695bcd13420,Problem Solving Skills,Troubleshooting,Problem Solving Skills
6792df37ae32f695bcd13420,Problem Solving Skills,Resourcefulness,Problem Solving Skills
6792df37ae32f695bcd13420,Problem Solving Skills,Risk Management,Problem Solving Skills
6792df37ae32f695bcd13420,Problem Solving Skills,Innovative Solutions,Problem Solving Skills
6792df37ae32f695bcd13420,Problem Solving Skills,Process Improvement,Problem Solving Skills
6792df37ae32f695bcd13420,Networking,Fundamentals,Networking
6792df37ae32f695bcd13420,Networking,OSI and TCP/IP Models,Networking
6792df37ae32f695bcd13420,Networking,Switching Concepts,Networking
6792df37ae32f695bcd13420,Networking,IPv4 and IPv6 Addressing,Networking
6792df37ae32f695bcd13420,Networking,VLANs,Networking
6792df37ae32f695bcd13420,Networking,Routing,Networking
6792df37ae32f695bcd13420,Networking,"Network Security (ACL, NAT)",Networking
6792df37ae32f695bcd13420,Networking,"WAN Technologies (MPLS, VPNs)",Networking
6792df37ae32f695bcd13420,Networking,Troubleshooting,Networking
6792df37ae32f695bcd13420,Networking,Cloud Networking,Networking
6792df37ae32f695bcd13420,Communication Skills,Interpersonal Skills,Communication Skills
6792df37ae32f695bcd13420,Linux,Linux Basic Commands,Linux Knowledge
6792df37ae32f695bcd13420,Linux,Linux Basic Troubleshooting,Linux Knowledge
6792df37ae32f695bcd13420,Linux,Docker Knowledge,Linux Knowledge
6792df37ae32f695bcd13420,Linux,Docker Containers,Linux Knowledge
6792df37ae32f695bcd13420,Linux,Python Scripting,Linux Knowledge